text,label
"Chính phủ vừa ban hành nghị định mới về phát triển kinh tế số, tập trung vào AI.",Chính trị
Thủ tướng nhấn mạnh tầm quan trọng của việc bảo vệ an ninh mạng trong cuộc họp thường kỳ.,Chính trị
Làn sóng sa thải tại các công ty công nghệ lớn vẫn chưa có dấu hiệu dừng lại.,Kinh tế
Giá vàng hôm nay tiếp tục tăng mạnh do những bất ổn từ thị trường toàn cầu.,Kinh tế
Đội tuyển Việt Nam đã có một trận đấu quả cảm trước đối thủ mạnh tại vòng loại World Cup.,Thể thao
Huấn luyện viên trưởng quyết định thay đổi chiến thuật ở hiệp 2 mang lại hiệu quả cao.,Thể thao
Bộ phim điện ảnh mới ra rạp đã nhanh chóng phá kỷ lục doanh thu phòng vé.,Giải trí
Nam ca sĩ nổi tiếng vừa ra mắt MV mới với mức đầu tư khủng và hình ảnh bắt mắt.,Giải trí
Apple vừa chính thức giới thiệu dòng iPhone mới với nhiều cải tiến về camera và thời lượng pin.,Công nghệ
Mô hình ngôn ngữ lớn ChatGPT đang tạo ra cuộc cách mạng trong lĩnh vực AI sinh tạo.,Công nghệ
"Chính phủ vừa ban hành nghị định mới về phát triển kinh tế số, tập trung vào AI.",Chính trị
Thủ tướng nhấn mạnh tầm quan trọng của việc bảo vệ an ninh mạng trong cuộc họp thường kỳ.,Chính trị
Làn sóng sa thải tại các công ty công nghệ lớn vẫn chưa có dấu hiệu dừng lại.,Kinh tế
Giá vàng hôm nay tiếp tục tăng mạnh do những bất ổn từ thị trường toàn cầu.,Kinh tế
Đội tuyển Việt Nam đã có một trận đấu quả cảm trước đối thủ mạnh tại vòng loại World Cup.,Thể thao
Huấn luyện viên trưởng quyết định thay đổi chiến thuật ở hiệp 2 mang lại hiệu quả cao.,Thể thao
Bộ phim điện ảnh mới ra rạp đã nhanh chóng phá kỷ lục doanh thu phòng vé.,Giải trí
Nam ca sĩ nổi tiếng vừa ra mắt MV mới với mức đầu tư khủng và hình ảnh bắt mắt.,Giải trí
Apple vừa chính thức giới thiệu dòng iPhone mới với nhiều cải tiến về camera và thời lượng pin.,Công nghệ
Mô hình ngôn ngữ lớn ChatGPT đang tạo ra cuộc cách mạng trong lĩnh vực AI sinh tạo.,Công nghệ
"Chính phủ vừa ban hành nghị định mới về phát triển kinh tế số, tập trung vào AI.",Chính trị
Thủ tướng nhấn mạnh tầm quan trọng của việc bảo vệ an ninh mạng trong cuộc họp thường kỳ.,Chính trị
Làn sóng sa thải tại các công ty công nghệ lớn vẫn chưa có dấu hiệu dừng lại.,Kinh tế
Giá vàng hôm nay tiếp tục tăng mạnh do những bất ổn từ thị trường toàn cầu.,Kinh tế
Đội tuyển Việt Nam đã có một trận đấu quả cảm trước đối thủ mạnh tại vòng loại World Cup.,Thể thao
Huấn luyện viên trưởng quyết định thay đổi chiến thuật ở hiệp 2 mang lại hiệu quả cao.,Thể thao
Bộ phim điện ảnh mới ra rạp đã nhanh chóng phá kỷ lục doanh thu phòng vé.,Giải trí
Nam ca sĩ nổi tiếng vừa ra mắt MV mới với mức đầu tư khủng và hình ảnh bắt mắt.,Giải trí
Apple vừa chính thức giới thiệu dòng iPhone mới với nhiều cải tiến về camera và thời lượng pin.,Công nghệ
Mô hình ngôn ngữ lớn ChatGPT đang tạo ra cuộc cách mạng trong lĩnh vực AI sinh tạo.,Công nghệ
"Chính phủ vừa ban hành nghị định mới về phát triển kinh tế số, tập trung vào AI.",Chính trị
Thủ tướng nhấn mạnh tầm quan trọng của việc bảo vệ an ninh mạng trong cuộc họp thường kỳ.,Chính trị
Làn sóng sa thải tại các công ty công nghệ lớn vẫn chưa có dấu hiệu dừng lại.,Kinh tế
Giá vàng hôm nay tiếp tục tăng mạnh do những bất ổn từ thị trường toàn cầu.,Kinh tế
Đội tuyển Việt Nam đã có một trận đấu quả cảm trước đối thủ mạnh tại vòng loại World Cup.,Thể thao
Huấn luyện viên trưởng quyết định thay đổi chiến thuật ở hiệp 2 mang lại hiệu quả cao.,Thể thao
Bộ phim điện ảnh mới ra rạp đã nhanh chóng phá kỷ lục doanh thu phòng vé.,Giải trí
Nam ca sĩ nổi tiếng vừa ra mắt MV mới với mức đầu tư khủng và hình ảnh bắt mắt.,Giải trí
Apple vừa chính thức giới thiệu dòng iPhone mới với nhiều cải tiến về camera và thời lượng pin.,Công nghệ
Mô hình ngôn ngữ lớn ChatGPT đang tạo ra cuộc cách mạng trong lĩnh vực AI sinh tạo.,Công nghệ
"Chính phủ vừa ban hành nghị định mới về phát triển kinh tế số, tập trung vào AI.",Chính trị
Thủ tướng nhấn mạnh tầm quan trọng của việc bảo vệ an ninh mạng trong cuộc họp thường kỳ.,Chính trị
Làn sóng sa thải tại các công ty công nghệ lớn vẫn chưa có dấu hiệu dừng lại.,Kinh tế
Giá vàng hôm nay tiếp tục tăng mạnh do những bất ổn từ thị trường toàn cầu.,Kinh tế
Đội tuyển Việt Nam đã có một trận đấu quả cảm trước đối thủ mạnh tại vòng loại World Cup.,Thể thao
Huấn luyện viên trưởng quyết định thay đổi chiến thuật ở hiệp 2 mang lại hiệu quả cao.,Thể thao
Bộ phim điện ảnh mới ra rạp đã nhanh chóng phá kỷ lục doanh thu phòng vé.,Giải trí
Nam ca sĩ nổi tiếng vừa ra mắt MV mới với mức đầu tư khủng và hình ảnh bắt mắt.,Giải trí
Apple vừa chính thức giới thiệu dòng iPhone mới với nhiều cải tiến về camera và thời lượng pin.,Công nghệ
Mô hình ngôn ngữ lớn ChatGPT đang tạo ra cuộc cách mạng trong lĩnh vực AI sinh tạo.,Công nghệ
"Chính phủ vừa ban hành nghị định mới về phát triển kinh tế số, tập trung vào AI.",Chính trị
Thủ tướng nhấn mạnh tầm quan trọng của việc bảo vệ an ninh mạng trong cuộc họp thường kỳ.,Chính trị
Làn sóng sa thải tại các công ty công nghệ lớn vẫn chưa có dấu hiệu dừng lại.,Kinh tế
Giá vàng hôm nay tiếp tục tăng mạnh do những bất ổn từ thị trường toàn cầu.,Kinh tế
Đội tuyển Việt Nam đã có một trận đấu quả cảm trước đối thủ mạnh tại vòng loại World Cup.,Thể thao
Huấn luyện viên trưởng quyết định thay đổi chiến thuật ở hiệp 2 mang lại hiệu quả cao.,Thể thao
Bộ phim điện ảnh mới ra rạp đã nhanh chóng phá kỷ lục doanh thu phòng vé.,Giải trí
Nam ca sĩ nổi tiếng vừa ra mắt MV mới với mức đầu tư khủng và hình ảnh bắt mắt.,Giải trí
Apple vừa chính thức giới thiệu dòng iPhone mới với nhiều cải tiến về camera và thời lượng pin.,Công nghệ
Mô hình ngôn ngữ lớn ChatGPT đang tạo ra cuộc cách mạng trong lĩnh vực AI sinh tạo.,Công nghệ
"Chính phủ vừa ban hành nghị định mới về phát triển kinh tế số, tập trung vào AI.",Chính trị
Thủ tướng nhấn mạnh tầm quan trọng của việc bảo vệ an ninh mạng trong cuộc họp thường kỳ.,Chính trị
Làn sóng sa thải tại các công ty công nghệ lớn vẫn chưa có dấu hiệu dừng lại.,Kinh tế
Giá vàng hôm nay tiếp tục tăng mạnh do những bất ổn từ thị trường toàn cầu.,Kinh tế
Đội tuyển Việt Nam đã có một trận đấu quả cảm trước đối thủ mạnh tại vòng loại World Cup.,Thể thao
Huấn luyện viên trưởng quyết định thay đổi chiến thuật ở hiệp 2 mang lại hiệu quả cao.,Thể thao
Bộ phim điện ảnh mới ra rạp đã nhanh chóng phá kỷ lục doanh thu phòng vé.,Giải trí
Nam ca sĩ nổi tiếng vừa ra mắt MV mới với mức đầu tư khủng và hình ảnh bắt mắt.,Giải trí
Apple vừa chính thức giới thiệu dòng iPhone mới với nhiều cải tiến về camera và thời lượng pin.,Công nghệ
Mô hình ngôn ngữ lớn ChatGPT đang tạo ra cuộc cách mạng trong lĩnh vực AI sinh tạo.,Công nghệ
"Chính phủ vừa ban hành nghị định mới về phát triển kinh tế số, tập trung vào AI.",Chính trị
Thủ tướng nhấn mạnh tầm quan trọng của việc bảo vệ an ninh mạng trong cuộc họp thường kỳ.,Chính trị
Làn sóng sa thải tại các công ty công nghệ lớn vẫn chưa có dấu hiệu dừng lại.,Kinh tế
Giá vàng hôm nay tiếp tục tăng mạnh do những bất ổn từ thị trường toàn cầu.,Kinh tế
Đội tuyển Việt Nam đã có một trận đấu quả cảm trước đối thủ mạnh tại vòng loại World Cup.,Thể thao
Huấn luyện viên trưởng quyết định thay đổi chiến thuật ở hiệp 2 mang lại hiệu quả cao.,Thể thao
Bộ phim điện ảnh mới ra rạp đã nhanh chóng phá kỷ lục doanh thu phòng vé.,Giải trí
Nam ca sĩ nổi tiếng vừa ra mắt MV mới với mức đầu tư khủng và hình ảnh bắt mắt.,Giải trí
Apple vừa chính thức giới thiệu dòng iPhone mới với nhiều cải tiến về camera và thời lượng pin.,Công nghệ
Mô hình ngôn ngữ lớn ChatGPT đang tạo ra cuộc cách mạng trong lĩnh vực AI sinh tạo.,Công nghệ
"Chính phủ vừa ban hành nghị định mới về phát triển kinh tế số, tập trung vào AI.",Chính trị
Thủ tướng nhấn mạnh tầm quan trọng của việc bảo vệ an ninh mạng trong cuộc họp thường kỳ.,Chính trị
Làn sóng sa thải tại các công ty công nghệ lớn vẫn chưa có dấu hiệu dừng lại.,Kinh tế
Giá vàng hôm nay tiếp tục tăng mạnh do những bất ổn từ thị trường toàn cầu.,Kinh tế
Đội tuyển Việt Nam đã có một trận đấu quả cảm trước đối thủ mạnh tại vòng loại World Cup.,Thể thao
Huấn luyện viên trưởng quyết định thay đổi chiến thuật ở hiệp 2 mang lại hiệu quả cao.,Thể thao
Bộ phim điện ảnh mới ra rạp đã nhanh chóng phá kỷ lục doanh thu phòng vé.,Giải trí
Nam ca sĩ nổi tiếng vừa ra mắt MV mới với mức đầu tư khủng và hình ảnh bắt mắt.,Giải trí
Apple vừa chính thức giới thiệu dòng iPhone mới với nhiều cải tiến về camera và thời lượng pin.,Công nghệ
Mô hình ngôn ngữ lớn ChatGPT đang tạo ra cuộc cách mạng trong lĩnh vực AI sinh tạo.,Công nghệ
"Chính phủ vừa ban hành nghị định mới về phát triển kinh tế số, tập trung vào AI.",Chính trị
Thủ tướng nhấn mạnh tầm quan trọng của việc bảo vệ an ninh mạng trong cuộc họp thường kỳ.,Chính trị
Làn sóng sa thải tại các công ty công nghệ lớn vẫn chưa có dấu hiệu dừng lại.,Kinh tế
Giá vàng hôm nay tiếp tục tăng mạnh do những bất ổn từ thị trường toàn cầu.,Kinh tế
Đội tuyển Việt Nam đã có một trận đấu quả cảm trước đối thủ mạnh tại vòng loại World Cup.,Thể thao
Huấn luyện viên trưởng quyết định thay đổi chiến thuật ở hiệp 2 mang lại hiệu quả cao.,Thể thao
Bộ phim điện ảnh mới ra rạp đã nhanh chóng phá kỷ lục doanh thu phòng vé.,Giải trí
Nam ca sĩ nổi tiếng vừa ra mắt MV mới với mức đầu tư khủng và hình ảnh bắt mắt.,Giải trí
Apple vừa chính thức giới thiệu dòng iPhone mới với nhiều cải tiến về camera và thời lượng pin.,Công nghệ
Mô hình ngôn ngữ lớn ChatGPT đang tạo ra cuộc cách mạng trong lĩnh vực AI sinh tạo.,Công nghệ
"Chính phủ vừa ban hành nghị định mới về phát triển kinh tế số, tập trung vào AI.",Chính trị
Thủ tướng nhấn mạnh tầm quan trọng của việc bảo vệ an ninh mạng trong cuộc họp thường kỳ.,Chính trị
Làn sóng sa thải tại các công ty công nghệ lớn vẫn chưa có dấu hiệu dừng lại.,Kinh tế
Giá vàng hôm nay tiếp tục tăng mạnh do những bất ổn từ thị trường toàn cầu.,Kinh tế
Đội tuyển Việt Nam đã có một trận đấu quả cảm trước đối thủ mạnh tại vòng loại World Cup.,Thể thao
Huấn luyện viên trưởng quyết định thay đổi chiến thuật ở hiệp 2 mang lại hiệu quả cao.,Thể thao
Bộ phim điện ảnh mới ra rạp đã nhanh chóng phá kỷ lục doanh thu phòng vé.,Giải trí
Nam ca sĩ nổi tiếng vừa ra mắt MV mới với mức đầu tư khủng và hình ảnh bắt mắt.,Giải trí
Apple vừa chính thức giới thiệu dòng iPhone mới với nhiều cải tiến về camera và thời lượng pin.,Công nghệ
Mô hình ngôn ngữ lớn ChatGPT đang tạo ra cuộc cách mạng trong lĩnh vực AI sinh tạo.,Công nghệ
"Chính phủ vừa ban hành nghị định mới về phát triển kinh tế số, tập trung vào AI.",Chính trị
Thủ tướng nhấn mạnh tầm quan trọng của việc bảo vệ an ninh mạng trong cuộc họp thường kỳ.,Chính trị
Làn sóng sa thải tại các công ty công nghệ lớn vẫn chưa có dấu hiệu dừng lại.,Kinh tế
Giá vàng hôm nay tiếp tục tăng mạnh do những bất ổn từ thị trường toàn cầu.,Kinh tế
Đội tuyển Việt Nam đã có một trận đấu quả cảm trước đối thủ mạnh tại vòng loại World Cup.,Thể thao
Huấn luyện viên trưởng quyết định thay đổi chiến thuật ở hiệp 2 mang lại hiệu quả cao.,Thể thao
Bộ phim điện ảnh mới ra rạp đã nhanh chóng phá kỷ lục doanh thu phòng vé.,Giải trí
Nam ca sĩ nổi tiếng vừa ra mắt MV mới với mức đầu tư khủng và hình ảnh bắt mắt.,Giải trí
Apple vừa chính thức giới thiệu dòng iPhone mới với nhiều cải tiến về camera và thời lượng pin.,Công nghệ
Mô hình ngôn ngữ lớn ChatGPT đang tạo ra cuộc cách mạng trong lĩnh vực AI sinh tạo.,Công nghệ
"Chính phủ vừa ban hành nghị định mới về phát triển kinh tế số, tập trung vào AI.",Chính trị
Thủ tướng nhấn mạnh tầm quan trọng của việc bảo vệ an ninh mạng trong cuộc họp thường kỳ.,Chính trị
Làn sóng sa thải tại các công ty công nghệ lớn vẫn chưa có dấu hiệu dừng lại.,Kinh tế
Giá vàng hôm nay tiếp tục tăng mạnh do những bất ổn từ thị trường toàn cầu.,Kinh tế
Đội tuyển Việt Nam đã có một trận đấu quả cảm trước đối thủ mạnh tại vòng loại World Cup.,Thể thao
Huấn luyện viên trưởng quyết định thay đổi chiến thuật ở hiệp 2 mang lại hiệu quả cao.,Thể thao
Bộ phim điện ảnh mới ra rạp đã nhanh chóng phá kỷ lục doanh thu phòng vé.,Giải trí
Nam ca sĩ nổi tiếng vừa ra mắt MV mới với mức đầu tư khủng và hình ảnh bắt mắt.,Giải trí
Apple vừa chính thức giới thiệu dòng iPhone mới với nhiều cải tiến về camera và thời lượng pin.,Công nghệ
Mô hình ngôn ngữ lớn ChatGPT đang tạo ra cuộc cách mạng trong lĩnh vực AI sinh tạo.,Công nghệ
"Chính phủ vừa ban hành nghị định mới về phát triển kinh tế số, tập trung vào AI.",Chính trị
Thủ tướng nhấn mạnh tầm quan trọng của việc bảo vệ an ninh mạng trong cuộc họp thường kỳ.,Chính trị
Làn sóng sa thải tại các công ty công nghệ lớn vẫn chưa có dấu hiệu dừng lại.,Kinh tế
Giá vàng hôm nay tiếp tục tăng mạnh do những bất ổn từ thị trường toàn cầu.,Kinh tế
Đội tuyển Việt Nam đã có một trận đấu quả cảm trước đối thủ mạnh tại vòng loại World Cup.,Thể thao
Huấn luyện viên trưởng quyết định thay đổi chiến thuật ở hiệp 2 mang lại hiệu quả cao.,Thể thao
Bộ phim điện ảnh mới ra rạp đã nhanh chóng phá kỷ lục doanh thu phòng vé.,Giải trí
Nam ca sĩ nổi tiếng vừa ra mắt MV mới với mức đầu tư khủng và hình ảnh bắt mắt.,Giải trí
Apple vừa chính thức giới thiệu dòng iPhone mới với nhiều cải tiến về camera và thời lượng pin.,Công nghệ
Mô hình ngôn ngữ lớn ChatGPT đang tạo ra cuộc cách mạng trong lĩnh vực AI sinh tạo.,Công nghệ
"Chính phủ vừa ban hành nghị định mới về phát triển kinh tế số, tập trung vào AI.",Chính trị
Thủ tướng nhấn mạnh tầm quan trọng của việc bảo vệ an ninh mạng trong cuộc họp thường kỳ.,Chính trị
Làn sóng sa thải tại các công ty công nghệ lớn vẫn chưa có dấu hiệu dừng lại.,Kinh tế
Giá vàng hôm nay tiếp tục tăng mạnh do những bất ổn từ thị trường toàn cầu.,Kinh tế
Đội tuyển Việt Nam đã có một trận đấu quả cảm trước đối thủ mạnh tại vòng loại World Cup.,Thể thao
Huấn luyện viên trưởng quyết định thay đổi chiến thuật ở hiệp 2 mang lại hiệu quả cao.,Thể thao
Bộ phim điện ảnh mới ra rạp đã nhanh chóng phá kỷ lục doanh thu phòng vé.,Giải trí
Nam ca sĩ nổi tiếng vừa ra mắt MV mới với mức đầu tư khủng và hình ảnh bắt mắt.,Giải trí
Apple vừa chính thức giới thiệu dòng iPhone mới với nhiều cải tiến về camera và thời lượng pin.,Công nghệ
Mô hình ngôn ngữ lớn ChatGPT đang tạo ra cuộc cách mạng trong lĩnh vực AI sinh tạo.,Công nghệ
"Chính phủ vừa ban hành nghị định mới về phát triển kinh tế số, tập trung vào AI.",Chính trị
Thủ tướng nhấn mạnh tầm quan trọng của việc bảo vệ an ninh mạng trong cuộc họp thường kỳ.,Chính trị
Làn sóng sa thải tại các công ty công nghệ lớn vẫn chưa có dấu hiệu dừng lại.,Kinh tế
Giá vàng hôm nay tiếp tục tăng mạnh do những bất ổn từ thị trường toàn cầu.,Kinh tế
Đội tuyển Việt Nam đã có một trận đấu quả cảm trước đối thủ mạnh tại vòng loại World Cup.,Thể thao
Huấn luyện viên trưởng quyết định thay đổi chiến thuật ở hiệp 2 mang lại hiệu quả cao.,Thể thao
Bộ phim điện ảnh mới ra rạp đã nhanh chóng phá kỷ lục doanh thu phòng vé.,Giải trí
Nam ca sĩ nổi tiếng vừa ra mắt MV mới với mức đầu tư khủng và hình ảnh bắt mắt.,Giải trí
Apple vừa chính thức giới thiệu dòng iPhone mới với nhiều cải tiến về camera và thời lượng pin.,Công nghệ
Mô hình ngôn ngữ lớn ChatGPT đang tạo ra cuộc cách mạng trong lĩnh vực AI sinh tạo.,Công nghệ
"Chính phủ vừa ban hành nghị định mới về phát triển kinh tế số, tập trung vào AI.",Chính trị
Thủ tướng nhấn mạnh tầm quan trọng của việc bảo vệ an ninh mạng trong cuộc họp thường kỳ.,Chính trị
Làn sóng sa thải tại các công ty công nghệ lớn vẫn chưa có dấu hiệu dừng lại.,Kinh tế
Giá vàng hôm nay tiếp tục tăng mạnh do những bất ổn từ thị trường toàn cầu.,Kinh tế
Đội tuyển Việt Nam đã có một trận đấu quả cảm trước đối thủ mạnh tại vòng loại World Cup.,Thể thao
Huấn luyện viên trưởng quyết định thay đổi chiến thuật ở hiệp 2 mang lại hiệu quả cao.,Thể thao
Bộ phim điện ảnh mới ra rạp đã nhanh chóng phá kỷ lục doanh thu phòng vé.,Giải trí
Nam ca sĩ nổi tiếng vừa ra mắt MV mới với mức đầu tư khủng và hình ảnh bắt mắt.,Giải trí
Apple vừa chính thức giới thiệu dòng iPhone mới với nhiều cải tiến về camera và thời lượng pin.,Công nghệ
Mô hình ngôn ngữ lớn ChatGPT đang tạo ra cuộc cách mạng trong lĩnh vực AI sinh tạo.,Công nghệ
"Chính phủ vừa ban hành nghị định mới về phát triển kinh tế số, tập trung vào AI.",Chính trị
Thủ tướng nhấn mạnh tầm quan trọng của việc bảo vệ an ninh mạng trong cuộc họp thường kỳ.,Chính trị
Làn sóng sa thải tại các công ty công nghệ lớn vẫn chưa có dấu hiệu dừng lại.,Kinh tế
Giá vàng hôm nay tiếp tục tăng mạnh do những bất ổn từ thị trường toàn cầu.,Kinh tế
Đội tuyển Việt Nam đã có một trận đấu quả cảm trước đối thủ mạnh tại vòng loại World Cup.,Thể thao
Huấn luyện viên trưởng quyết định thay đổi chiến thuật ở hiệp 2 mang lại hiệu quả cao.,Thể thao
Bộ phim điện ảnh mới ra rạp đã nhanh chóng phá kỷ lục doanh thu phòng vé.,Giải trí
Nam ca sĩ nổi tiếng vừa ra mắt MV mới với mức đầu tư khủng và hình ảnh bắt mắt.,Giải trí
Apple vừa chính thức giới thiệu dòng iPhone mới với nhiều cải tiến về camera và thời lượng pin.,Công nghệ
Mô hình ngôn ngữ lớn ChatGPT đang tạo ra cuộc cách mạng trong lĩnh vực AI sinh tạo.,Công nghệ
"Chính phủ vừa ban hành nghị định mới về phát triển kinh tế số, tập trung vào AI.",Chính trị
Thủ tướng nhấn mạnh tầm quan trọng của việc bảo vệ an ninh mạng trong cuộc họp thường kỳ.,Chính trị
Làn sóng sa thải tại các công ty công nghệ lớn vẫn chưa có dấu hiệu dừng lại.,Kinh tế
Giá vàng hôm nay tiếp tục tăng mạnh do những bất ổn từ thị trường toàn cầu.,Kinh tế
Đội tuyển Việt Nam đã có một trận đấu quả cảm trước đối thủ mạnh tại vòng loại World Cup.,Thể thao
Huấn luyện viên trưởng quyết định thay đổi chiến thuật ở hiệp 2 mang lại hiệu quả cao.,Thể thao
Bộ phim điện ảnh mới ra rạp đã nhanh chóng phá kỷ lục doanh thu phòng vé.,Giải trí
Nam ca sĩ nổi tiếng vừa ra mắt MV mới với mức đầu tư khủng và hình ảnh bắt mắt.,Giải trí
Apple vừa chính thức giới thiệu dòng iPhone mới với nhiều cải tiến về camera và thời lượng pin.,Công nghệ
Mô hình ngôn ngữ lớn ChatGPT đang tạo ra cuộc cách mạng trong lĩnh vực AI sinh tạo.,Công nghệ
"Chính phủ vừa ban hành nghị định mới về phát triển kinh tế số, tập trung vào AI.",Chính trị
Thủ tướng nhấn mạnh tầm quan trọng của việc bảo vệ an ninh mạng trong cuộc họp thường kỳ.,Chính trị
Làn sóng sa thải tại các công ty công nghệ lớn vẫn chưa có dấu hiệu dừng lại.,Kinh tế
Giá vàng hôm nay tiếp tục tăng mạnh do những bất ổn từ thị trường toàn cầu.,Kinh tế
Đội tuyển Việt Nam đã có một trận đấu quả cảm trước đối thủ mạnh tại vòng loại World Cup.,Thể thao
Huấn luyện viên trưởng quyết định thay đổi chiến thuật ở hiệp 2 mang lại hiệu quả cao.,Thể thao
Bộ phim điện ảnh mới ra rạp đã nhanh chóng phá kỷ lục doanh thu phòng vé.,Giải trí
Nam ca sĩ nổi tiếng vừa ra mắt MV mới với mức đầu tư khủng và hình ảnh bắt mắt.,Giải trí
Apple vừa chính thức giới thiệu dòng iPhone mới với nhiều cải tiến về camera và thời lượng pin.,Công nghệ
Mô hình ngôn ngữ lớn ChatGPT đang tạo ra cuộc cách mạng trong lĩnh vực AI sinh tạo.,Công nghệ
"Chính phủ vừa ban hành nghị định mới về phát triển kinh tế số, tập trung vào AI.",Chính trị
Thủ tướng nhấn mạnh tầm quan trọng của việc bảo vệ an ninh mạng trong cuộc họp thường kỳ.,Chính trị
Làn sóng sa thải tại các công ty công nghệ lớn vẫn chưa có dấu hiệu dừng lại.,Kinh tế
Giá vàng hôm nay tiếp tục tăng mạnh do những bất ổn từ thị trường toàn cầu.,Kinh tế
Đội tuyển Việt Nam đã có một trận đấu quả cảm trước đối thủ mạnh tại vòng loại World Cup.,Thể thao
Huấn luyện viên trưởng quyết định thay đổi chiến thuật ở hiệp 2 mang lại hiệu quả cao.,Thể thao
Bộ phim điện ảnh mới ra rạp đã nhanh chóng phá kỷ lục doanh thu phòng vé.,Giải trí
Nam ca sĩ nổi tiếng vừa ra mắt MV mới với mức đầu tư khủng và hình ảnh bắt mắt.,Giải trí
Apple vừa chính thức giới thiệu dòng iPhone mới với nhiều cải tiến về camera và thời lượng pin.,Công nghệ
Mô hình ngôn ngữ lớn ChatGPT đang tạo ra cuộc cách mạng trong lĩnh vực AI sinh tạo.,Công nghệ
"Chính phủ vừa ban hành nghị định mới về phát triển kinh tế số, tập trung vào AI.",Chính trị
Thủ tướng nhấn mạnh tầm quan trọng của việc bảo vệ an ninh mạng trong cuộc họp thường kỳ.,Chính trị
Làn sóng sa thải tại các công ty công nghệ lớn vẫn chưa có dấu hiệu dừng lại.,Kinh tế
Giá vàng hôm nay tiếp tục tăng mạnh do những bất ổn từ thị trường toàn cầu.,Kinh tế
Đội tuyển Việt Nam đã có một trận đấu quả cảm trước đối thủ mạnh tại vòng loại World Cup.,Thể thao
Huấn luyện viên trưởng quyết định thay đổi chiến thuật ở hiệp 2 mang lại hiệu quả cao.,Thể thao
Bộ phim điện ảnh mới ra rạp đã nhanh chóng phá kỷ lục doanh thu phòng vé.,Giải trí
Nam ca sĩ nổi tiếng vừa ra mắt MV mới với mức đầu tư khủng và hình ảnh bắt mắt.,Giải trí
Apple vừa chính thức giới thiệu dòng iPhone mới với nhiều cải tiến về camera và thời lượng pin.,Công nghệ
Mô hình ngôn ngữ lớn ChatGPT đang tạo ra cuộc cách mạng trong lĩnh vực AI sinh tạo.,Công nghệ
"Chính phủ vừa ban hành nghị định mới về phát triển kinh tế số, tập trung vào AI.",Chính trị
Thủ tướng nhấn mạnh tầm quan trọng của việc bảo vệ an ninh mạng trong cuộc họp thường kỳ.,Chính trị
Làn sóng sa thải tại các công ty công nghệ lớn vẫn chưa có dấu hiệu dừng lại.,Kinh tế
Giá vàng hôm nay tiếp tục tăng mạnh do những bất ổn từ thị trường toàn cầu.,Kinh tế
Đội tuyển Việt Nam đã có một trận đấu quả cảm trước đối thủ mạnh tại vòng loại World Cup.,Thể thao
Huấn luyện viên trưởng quyết định thay đổi chiến thuật ở hiệp 2 mang lại hiệu quả cao.,Thể thao
Bộ phim điện ảnh mới ra rạp đã nhanh chóng phá kỷ lục doanh thu phòng vé.,Giải trí
Nam ca sĩ nổi tiếng vừa ra mắt MV mới với mức đầu tư khủng và hình ảnh bắt mắt.,Giải trí
Apple vừa chính thức giới thiệu dòng iPhone mới với nhiều cải tiến về camera và thời lượng pin.,Công nghệ
Mô hình ngôn ngữ lớn ChatGPT đang tạo ra cuộc cách mạng trong lĩnh vực AI sinh tạo.,Công nghệ
"Chính phủ vừa ban hành nghị định mới về phát triển kinh tế số, tập trung vào AI.",Chính trị
Thủ tướng nhấn mạnh tầm quan trọng của việc bảo vệ an ninh mạng trong cuộc họp thường kỳ.,Chính trị
Làn sóng sa thải tại các công ty công nghệ lớn vẫn chưa có dấu hiệu dừng lại.,Kinh tế
Giá vàng hôm nay tiếp tục tăng mạnh do những bất ổn từ thị trường toàn cầu.,Kinh tế
Đội tuyển Việt Nam đã có một trận đấu quả cảm trước đối thủ mạnh tại vòng loại World Cup.,Thể thao
Huấn luyện viên trưởng quyết định thay đổi chiến thuật ở hiệp 2 mang lại hiệu quả cao.,Thể thao
Bộ phim điện ảnh mới ra rạp đã nhanh chóng phá kỷ lục doanh thu phòng vé.,Giải trí
Nam ca sĩ nổi tiếng vừa ra mắt MV mới với mức đầu tư khủng và hình ảnh bắt mắt.,Giải trí
Apple vừa chính thức giới thiệu dòng iPhone mới với nhiều cải tiến về camera và thời lượng pin.,Công nghệ
Mô hình ngôn ngữ lớn ChatGPT đang tạo ra cuộc cách mạng trong lĩnh vực AI sinh tạo.,Công nghệ
"Chính phủ vừa ban hành nghị định mới về phát triển kinh tế số, tập trung vào AI.",Chính trị
Thủ tướng nhấn mạnh tầm quan trọng của việc bảo vệ an ninh mạng trong cuộc họp thường kỳ.,Chính trị
Làn sóng sa thải tại các công ty công nghệ lớn vẫn chưa có dấu hiệu dừng lại.,Kinh tế
Giá vàng hôm nay tiếp tục tăng mạnh do những bất ổn từ thị trường toàn cầu.,Kinh tế
Đội tuyển Việt Nam đã có một trận đấu quả cảm trước đối thủ mạnh tại vòng loại World Cup.,Thể thao
Huấn luyện viên trưởng quyết định thay đổi chiến thuật ở hiệp 2 mang lại hiệu quả cao.,Thể thao
Bộ phim điện ảnh mới ra rạp đã nhanh chóng phá kỷ lục doanh thu phòng vé.,Giải trí
Nam ca sĩ nổi tiếng vừa ra mắt MV mới với mức đầu tư khủng và hình ảnh bắt mắt.,Giải trí
Apple vừa chính thức giới thiệu dòng iPhone mới với nhiều cải tiến về camera và thời lượng pin.,Công nghệ
Mô hình ngôn ngữ lớn ChatGPT đang tạo ra cuộc cách mạng trong lĩnh vực AI sinh tạo.,Công nghệ
"Chính phủ vừa ban hành nghị định mới về phát triển kinh tế số, tập trung vào AI.",Chính trị
Thủ tướng nhấn mạnh tầm quan trọng của việc bảo vệ an ninh mạng trong cuộc họp thường kỳ.,Chính trị
Làn sóng sa thải tại các công ty công nghệ lớn vẫn chưa có dấu hiệu dừng lại.,Kinh tế
Giá vàng hôm nay tiếp tục tăng mạnh do những bất ổn từ thị trường toàn cầu.,Kinh tế
Đội tuyển Việt Nam đã có một trận đấu quả cảm trước đối thủ mạnh tại vòng loại World Cup.,Thể thao
Huấn luyện viên trưởng quyết định thay đổi chiến thuật ở hiệp 2 mang lại hiệu quả cao.,Thể thao
Bộ phim điện ảnh mới ra rạp đã nhanh chóng phá kỷ lục doanh thu phòng vé.,Giải trí
Nam ca sĩ nổi tiếng vừa ra mắt MV mới với mức đầu tư khủng và hình ảnh bắt mắt.,Giải trí
Apple vừa chính thức giới thiệu dòng iPhone mới với nhiều cải tiến về camera và thời lượng pin.,Công nghệ
Mô hình ngôn ngữ lớn ChatGPT đang tạo ra cuộc cách mạng trong lĩnh vực AI sinh tạo.,Công nghệ
"Chính phủ vừa ban hành nghị định mới về phát triển kinh tế số, tập trung vào AI.",Chính trị
Thủ tướng nhấn mạnh tầm quan trọng của việc bảo vệ an ninh mạng trong cuộc họp thường kỳ.,Chính trị
Làn sóng sa thải tại các công ty công nghệ lớn vẫn chưa có dấu hiệu dừng lại.,Kinh tế
Giá vàng hôm nay tiếp tục tăng mạnh do những bất ổn từ thị trường toàn cầu.,Kinh tế
Đội tuyển Việt Nam đã có một trận đấu quả cảm trước đối thủ mạnh tại vòng loại World Cup.,Thể thao
Huấn luyện viên trưởng quyết định thay đổi chiến thuật ở hiệp 2 mang lại hiệu quả cao.,Thể thao
Bộ phim điện ảnh mới ra rạp đã nhanh chóng phá kỷ lục doanh thu phòng vé.,Giải trí
Nam ca sĩ nổi tiếng vừa ra mắt MV mới với mức đầu tư khủng và hình ảnh bắt mắt.,Giải trí
Apple vừa chính thức giới thiệu dòng iPhone mới với nhiều cải tiến về camera và thời lượng pin.,Công nghệ
Mô hình ngôn ngữ lớn ChatGPT đang tạo ra cuộc cách mạng trong lĩnh vực AI sinh tạo.,Công nghệ
"Chính phủ vừa ban hành nghị định mới về phát triển kinh tế số, tập trung vào AI.",Chính trị
Thủ tướng nhấn mạnh tầm quan trọng của việc bảo vệ an ninh mạng trong cuộc họp thường kỳ.,Chính trị
Làn sóng sa thải tại các công ty công nghệ lớn vẫn chưa có dấu hiệu dừng lại.,Kinh tế
Giá vàng hôm nay tiếp tục tăng mạnh do những bất ổn từ thị trường toàn cầu.,Kinh tế
Đội tuyển Việt Nam đã có một trận đấu quả cảm trước đối thủ mạnh tại vòng loại World Cup.,Thể thao
Huấn luyện viên trưởng quyết định thay đổi chiến thuật ở hiệp 2 mang lại hiệu quả cao.,Thể thao
Bộ phim điện ảnh mới ra rạp đã nhanh chóng phá kỷ lục doanh thu phòng vé.,Giải trí
Nam ca sĩ nổi tiếng vừa ra mắt MV mới với mức đầu tư khủng và hình ảnh bắt mắt.,Giải trí
Apple vừa chính thức giới thiệu dòng iPhone mới với nhiều cải tiến về camera và thời lượng pin.,Công nghệ
Mô hình ngôn ngữ lớn ChatGPT đang tạo ra cuộc cách mạng trong lĩnh vực AI sinh tạo.,Công nghệ
"Chính phủ vừa ban hành nghị định mới về phát triển kinh tế số, tập trung vào AI.",Chính trị
Thủ tướng nhấn mạnh tầm quan trọng của việc bảo vệ an ninh mạng trong cuộc họp thường kỳ.,Chính trị
Làn sóng sa thải tại các công ty công nghệ lớn vẫn chưa có dấu hiệu dừng lại.,Kinh tế
Giá vàng hôm nay tiếp tục tăng mạnh do những bất ổn từ thị trường toàn cầu.,Kinh tế
Đội tuyển Việt Nam đã có một trận đấu quả cảm trước đối thủ mạnh tại vòng loại World Cup.,Thể thao
Huấn luyện viên trưởng quyết định thay đổi chiến thuật ở hiệp 2 mang lại hiệu quả cao.,Thể thao
Bộ phim điện ảnh mới ra rạp đã nhanh chóng phá kỷ lục doanh thu phòng vé.,Giải trí
Nam ca sĩ nổi tiếng vừa ra mắt MV mới với mức đầu tư khủng và hình ảnh bắt mắt.,Giải trí
Apple vừa chính thức giới thiệu dòng iPhone mới với nhiều cải tiến về camera và thời lượng pin.,Công nghệ
Mô hình ngôn ngữ lớn ChatGPT đang tạo ra cuộc cách mạng trong lĩnh vực AI sinh tạo.,Công nghệ
"Chính phủ vừa ban hành nghị định mới về phát triển kinh tế số, tập trung vào AI.",Chính trị
Thủ tướng nhấn mạnh tầm quan trọng của việc bảo vệ an ninh mạng trong cuộc họp thường kỳ.,Chính trị
Làn sóng sa thải tại các công ty công nghệ lớn vẫn chưa có dấu hiệu dừng lại.,Kinh tế
Giá vàng hôm nay tiếp tục tăng mạnh do những bất ổn từ thị trường toàn cầu.,Kinh tế
Đội tuyển Việt Nam đã có một trận đấu quả cảm trước đối thủ mạnh tại vòng loại World Cup.,Thể thao
Huấn luyện viên trưởng quyết định thay đổi chiến thuật ở hiệp 2 mang lại hiệu quả cao.,Thể thao
Bộ phim điện ảnh mới ra rạp đã nhanh chóng phá kỷ lục doanh thu phòng vé.,Giải trí
Nam ca sĩ nổi tiếng vừa ra mắt MV mới với mức đầu tư khủng và hình ảnh bắt mắt.,Giải trí
Apple vừa chính thức giới thiệu dòng iPhone mới với nhiều cải tiến về camera và thời lượng pin.,Công nghệ
Mô hình ngôn ngữ lớn ChatGPT đang tạo ra cuộc cách mạng trong lĩnh vực AI sinh tạo.,Công nghệ
"Chính phủ vừa ban hành nghị định mới về phát triển kinh tế số, tập trung vào AI.",Chính trị
Thủ tướng nhấn mạnh tầm quan trọng của việc bảo vệ an ninh mạng trong cuộc họp thường kỳ.,Chính trị
Làn sóng sa thải tại các công ty công nghệ lớn vẫn chưa có dấu hiệu dừng lại.,Kinh tế
Giá vàng hôm nay tiếp tục tăng mạnh do những bất ổn từ thị trường toàn cầu.,Kinh tế
Đội tuyển Việt Nam đã có một trận đấu quả cảm trước đối thủ mạnh tại vòng loại World Cup.,Thể thao
Huấn luyện viên trưởng quyết định thay đổi chiến thuật ở hiệp 2 mang lại hiệu quả cao.,Thể thao
Bộ phim điện ảnh mới ra rạp đã nhanh chóng phá kỷ lục doanh thu phòng vé.,Giải trí
Nam ca sĩ nổi tiếng vừa ra mắt MV mới với mức đầu tư khủng và hình ảnh bắt mắt.,Giải trí
Apple vừa chính thức giới thiệu dòng iPhone mới với nhiều cải tiến về camera và thời lượng pin.,Công nghệ
Mô hình ngôn ngữ lớn ChatGPT đang tạo ra cuộc cách mạng trong lĩnh vực AI sinh tạo.,Công nghệ
"Chính phủ vừa ban hành nghị định mới về phát triển kinh tế số, tập trung vào AI.",Chính trị
Thủ tướng nhấn mạnh tầm quan trọng của việc bảo vệ an ninh mạng trong cuộc họp thường kỳ.,Chính trị
Làn sóng sa thải tại các công ty công nghệ lớn vẫn chưa có dấu hiệu dừng lại.,Kinh tế
Giá vàng hôm nay tiếp tục tăng mạnh do những bất ổn từ thị trường toàn cầu.,Kinh tế
Đội tuyển Việt Nam đã có một trận đấu quả cảm trước đối thủ mạnh tại vòng loại World Cup.,Thể thao
Huấn luyện viên trưởng quyết định thay đổi chiến thuật ở hiệp 2 mang lại hiệu quả cao.,Thể thao
Bộ phim điện ảnh mới ra rạp đã nhanh chóng phá kỷ lục doanh thu phòng vé.,Giải trí
Nam ca sĩ nổi tiếng vừa ra mắt MV mới với mức đầu tư khủng và hình ảnh bắt mắt.,Giải trí
Apple vừa chính thức giới thiệu dòng iPhone mới với nhiều cải tiến về camera và thời lượng pin.,Công nghệ
Mô hình ngôn ngữ lớn ChatGPT đang tạo ra cuộc cách mạng trong lĩnh vực AI sinh tạo.,Công nghệ
"Chính phủ vừa ban hành nghị định mới về phát triển kinh tế số, tập trung vào AI.",Chính trị
Thủ tướng nhấn mạnh tầm quan trọng của việc bảo vệ an ninh mạng trong cuộc họp thường kỳ.,Chính trị
Làn sóng sa thải tại các công ty công nghệ lớn vẫn chưa có dấu hiệu dừng lại.,Kinh tế
Giá vàng hôm nay tiếp tục tăng mạnh do những bất ổn từ thị trường toàn cầu.,Kinh tế
Đội tuyển Việt Nam đã có một trận đấu quả cảm trước đối thủ mạnh tại vòng loại World Cup.,Thể thao
Huấn luyện viên trưởng quyết định thay đổi chiến thuật ở hiệp 2 mang lại hiệu quả cao.,Thể thao
Bộ phim điện ảnh mới ra rạp đã nhanh chóng phá kỷ lục doanh thu phòng vé.,Giải trí
Nam ca sĩ nổi tiếng vừa ra mắt MV mới với mức đầu tư khủng và hình ảnh bắt mắt.,Giải trí
Apple vừa chính thức giới thiệu dòng iPhone mới với nhiều cải tiến về camera và thời lượng pin.,Công nghệ
Mô hình ngôn ngữ lớn ChatGPT đang tạo ra cuộc cách mạng trong lĩnh vực AI sinh tạo.,Công nghệ
"Chính phủ vừa ban hành nghị định mới về phát triển kinh tế số, tập trung vào AI.",Chính trị
Thủ tướng nhấn mạnh tầm quan trọng của việc bảo vệ an ninh mạng trong cuộc họp thường kỳ.,Chính trị
Làn sóng sa thải tại các công ty công nghệ lớn vẫn chưa có dấu hiệu dừng lại.,Kinh tế
Giá vàng hôm nay tiếp tục tăng mạnh do những bất ổn từ thị trường toàn cầu.,Kinh tế
Đội tuyển Việt Nam đã có một trận đấu quả cảm trước đối thủ mạnh tại vòng loại World Cup.,Thể thao
Huấn luyện viên trưởng quyết định thay đổi chiến thuật ở hiệp 2 mang lại hiệu quả cao.,Thể thao
Bộ phim điện ảnh mới ra rạp đã nhanh chóng phá kỷ lục doanh thu phòng vé.,Giải trí
Nam ca sĩ nổi tiếng vừa ra mắt MV mới với mức đầu tư khủng và hình ảnh bắt mắt.,Giải trí
Apple vừa chính thức giới thiệu dòng iPhone mới với nhiều cải tiến về camera và thời lượng pin.,Công nghệ
Mô hình ngôn ngữ lớn ChatGPT đang tạo ra cuộc cách mạng trong lĩnh vực AI sinh tạo.,Công nghệ
"Chính phủ vừa ban hành nghị định mới về phát triển kinh tế số, tập trung vào AI.",Chính trị
Thủ tướng nhấn mạnh tầm quan trọng của việc bảo vệ an ninh mạng trong cuộc họp thường kỳ.,Chính trị
Làn sóng sa thải tại các công ty công nghệ lớn vẫn chưa có dấu hiệu dừng lại.,Kinh tế
Giá vàng hôm nay tiếp tục tăng mạnh do những bất ổn từ thị trường toàn cầu.,Kinh tế
Đội tuyển Việt Nam đã có một trận đấu quả cảm trước đối thủ mạnh tại vòng loại World Cup.,Thể thao
Huấn luyện viên trưởng quyết định thay đổi chiến thuật ở hiệp 2 mang lại hiệu quả cao.,Thể thao
Bộ phim điện ảnh mới ra rạp đã nhanh chóng phá kỷ lục doanh thu phòng vé.,Giải trí
Nam ca sĩ nổi tiếng vừa ra mắt MV mới với mức đầu tư khủng và hình ảnh bắt mắt.,Giải trí
Apple vừa chính thức giới thiệu dòng iPhone mới với nhiều cải tiến về camera và thời lượng pin.,Công nghệ
Mô hình ngôn ngữ lớn ChatGPT đang tạo ra cuộc cách mạng trong lĩnh vực AI sinh tạo.,Công nghệ
"Chính phủ vừa ban hành nghị định mới về phát triển kinh tế số, tập trung vào AI.",Chính trị
Thủ tướng nhấn mạnh tầm quan trọng của việc bảo vệ an ninh mạng trong cuộc họp thường kỳ.,Chính trị
Làn sóng sa thải tại các công ty công nghệ lớn vẫn chưa có dấu hiệu dừng lại.,Kinh tế
Giá vàng hôm nay tiếp tục tăng mạnh do những bất ổn từ thị trường toàn cầu.,Kinh tế
Đội tuyển Việt Nam đã có một trận đấu quả cảm trước đối thủ mạnh tại vòng loại World Cup.,Thể thao
Huấn luyện viên trưởng quyết định thay đổi chiến thuật ở hiệp 2 mang lại hiệu quả cao.,Thể thao
Bộ phim điện ảnh mới ra rạp đã nhanh chóng phá kỷ lục doanh thu phòng vé.,Giải trí
Nam ca sĩ nổi tiếng vừa ra mắt MV mới với mức đầu tư khủng và hình ảnh bắt mắt.,Giải trí
Apple vừa chính thức giới thiệu dòng iPhone mới với nhiều cải tiến về camera và thời lượng pin.,Công nghệ
Mô hình ngôn ngữ lớn ChatGPT đang tạo ra cuộc cách mạng trong lĩnh vực AI sinh tạo.,Công nghệ
"Chính phủ vừa ban hành nghị định mới về phát triển kinh tế số, tập trung vào AI.",Chính trị
Thủ tướng nhấn mạnh tầm quan trọng của việc bảo vệ an ninh mạng trong cuộc họp thường kỳ.,Chính trị
Làn sóng sa thải tại các công ty công nghệ lớn vẫn chưa có dấu hiệu dừng lại.,Kinh tế
Giá vàng hôm nay tiếp tục tăng mạnh do những bất ổn từ thị trường toàn cầu.,Kinh tế
Đội tuyển Việt Nam đã có một trận đấu quả cảm trước đối thủ mạnh tại vòng loại World Cup.,Thể thao
Huấn luyện viên trưởng quyết định thay đổi chiến thuật ở hiệp 2 mang lại hiệu quả cao.,Thể thao
Bộ phim điện ảnh mới ra rạp đã nhanh chóng phá kỷ lục doanh thu phòng vé.,Giải trí
Nam ca sĩ nổi tiếng vừa ra mắt MV mới với mức đầu tư khủng và hình ảnh bắt mắt.,Giải trí
Apple vừa chính thức giới thiệu dòng iPhone mới với nhiều cải tiến về camera và thời lượng pin.,Công nghệ
Mô hình ngôn ngữ lớn ChatGPT đang tạo ra cuộc cách mạng trong lĩnh vực AI sinh tạo.,Công nghệ
"Chính phủ vừa ban hành nghị định mới về phát triển kinh tế số, tập trung vào AI.",Chính trị
Thủ tướng nhấn mạnh tầm quan trọng của việc bảo vệ an ninh mạng trong cuộc họp thường kỳ.,Chính trị
Làn sóng sa thải tại các công ty công nghệ lớn vẫn chưa có dấu hiệu dừng lại.,Kinh tế
Giá vàng hôm nay tiếp tục tăng mạnh do những bất ổn từ thị trường toàn cầu.,Kinh tế
Đội tuyển Việt Nam đã có một trận đấu quả cảm trước đối thủ mạnh tại vòng loại World Cup.,Thể thao
Huấn luyện viên trưởng quyết định thay đổi chiến thuật ở hiệp 2 mang lại hiệu quả cao.,Thể thao
Bộ phim điện ảnh mới ra rạp đã nhanh chóng phá kỷ lục doanh thu phòng vé.,Giải trí
Nam ca sĩ nổi tiếng vừa ra mắt MV mới với mức đầu tư khủng và hình ảnh bắt mắt.,Giải trí
Apple vừa chính thức giới thiệu dòng iPhone mới với nhiều cải tiến về camera và thời lượng pin.,Công nghệ
Mô hình ngôn ngữ lớn ChatGPT đang tạo ra cuộc cách mạng trong lĩnh vực AI sinh tạo.,Công nghệ
"Chính phủ vừa ban hành nghị định mới về phát triển kinh tế số, tập trung vào AI.",Chính trị
Thủ tướng nhấn mạnh tầm quan trọng của việc bảo vệ an ninh mạng trong cuộc họp thường kỳ.,Chính trị
Làn sóng sa thải tại các công ty công nghệ lớn vẫn chưa có dấu hiệu dừng lại.,Kinh tế
Giá vàng hôm nay tiếp tục tăng mạnh do những bất ổn từ thị trường toàn cầu.,Kinh tế
Đội tuyển Việt Nam đã có một trận đấu quả cảm trước đối thủ mạnh tại vòng loại World Cup.,Thể thao
Huấn luyện viên trưởng quyết định thay đổi chiến thuật ở hiệp 2 mang lại hiệu quả cao.,Thể thao
Bộ phim điện ảnh mới ra rạp đã nhanh chóng phá kỷ lục doanh thu phòng vé.,Giải trí
Nam ca sĩ nổi tiếng vừa ra mắt MV mới với mức đầu tư khủng và hình ảnh bắt mắt.,Giải trí
Apple vừa chính thức giới thiệu dòng iPhone mới với nhiều cải tiến về camera và thời lượng pin.,Công nghệ
Mô hình ngôn ngữ lớn ChatGPT đang tạo ra cuộc cách mạng trong lĩnh vực AI sinh tạo.,Công nghệ
"Chính phủ vừa ban hành nghị định mới về phát triển kinh tế số, tập trung vào AI.",Chính trị
Thủ tướng nhấn mạnh tầm quan trọng của việc bảo vệ an ninh mạng trong cuộc họp thường kỳ.,Chính trị
Làn sóng sa thải tại các công ty công nghệ lớn vẫn chưa có dấu hiệu dừng lại.,Kinh tế
Giá vàng hôm nay tiếp tục tăng mạnh do những bất ổn từ thị trường toàn cầu.,Kinh tế
Đội tuyển Việt Nam đã có một trận đấu quả cảm trước đối thủ mạnh tại vòng loại World Cup.,Thể thao
Huấn luyện viên trưởng quyết định thay đổi chiến thuật ở hiệp 2 mang lại hiệu quả cao.,Thể thao
Bộ phim điện ảnh mới ra rạp đã nhanh chóng phá kỷ lục doanh thu phòng vé.,Giải trí
Nam ca sĩ nổi tiếng vừa ra mắt MV mới với mức đầu tư khủng và hình ảnh bắt mắt.,Giải trí
Apple vừa chính thức giới thiệu dòng iPhone mới với nhiều cải tiến về camera và thời lượng pin.,Công nghệ
Mô hình ngôn ngữ lớn ChatGPT đang tạo ra cuộc cách mạng trong lĩnh vực AI sinh tạo.,Công nghệ
"Chính phủ vừa ban hành nghị định mới về phát triển kinh tế số, tập trung vào AI.",Chính trị
Thủ tướng nhấn mạnh tầm quan trọng của việc bảo vệ an ninh mạng trong cuộc họp thường kỳ.,Chính trị
Làn sóng sa thải tại các công ty công nghệ lớn vẫn chưa có dấu hiệu dừng lại.,Kinh tế
Giá vàng hôm nay tiếp tục tăng mạnh do những bất ổn từ thị trường toàn cầu.,Kinh tế
Đội tuyển Việt Nam đã có một trận đấu quả cảm trước đối thủ mạnh tại vòng loại World Cup.,Thể thao
Huấn luyện viên trưởng quyết định thay đổi chiến thuật ở hiệp 2 mang lại hiệu quả cao.,Thể thao
Bộ phim điện ảnh mới ra rạp đã nhanh chóng phá kỷ lục doanh thu phòng vé.,Giải trí
Nam ca sĩ nổi tiếng vừa ra mắt MV mới với mức đầu tư khủng và hình ảnh bắt mắt.,Giải trí
Apple vừa chính thức giới thiệu dòng iPhone mới với nhiều cải tiến về camera và thời lượng pin.,Công nghệ
Mô hình ngôn ngữ lớn ChatGPT đang tạo ra cuộc cách mạng trong lĩnh vực AI sinh tạo.,Công nghệ
"Chính phủ vừa ban hành nghị định mới về phát triển kinh tế số, tập trung vào AI.",Chính trị
Thủ tướng nhấn mạnh tầm quan trọng của việc bảo vệ an ninh mạng trong cuộc họp thường kỳ.,Chính trị
Làn sóng sa thải tại các công ty công nghệ lớn vẫn chưa có dấu hiệu dừng lại.,Kinh tế
Giá vàng hôm nay tiếp tục tăng mạnh do những bất ổn từ thị trường toàn cầu.,Kinh tế
Đội tuyển Việt Nam đã có một trận đấu quả cảm trước đối thủ mạnh tại vòng loại World Cup.,Thể thao
Huấn luyện viên trưởng quyết định thay đổi chiến thuật ở hiệp 2 mang lại hiệu quả cao.,Thể thao
Bộ phim điện ảnh mới ra rạp đã nhanh chóng phá kỷ lục doanh thu phòng vé.,Giải trí
Nam ca sĩ nổi tiếng vừa ra mắt MV mới với mức đầu tư khủng và hình ảnh bắt mắt.,Giải trí
Apple vừa chính thức giới thiệu dòng iPhone mới với nhiều cải tiến về camera và thời lượng pin.,Công nghệ
Mô hình ngôn ngữ lớn ChatGPT đang tạo ra cuộc cách mạng trong lĩnh vực AI sinh tạo.,Công nghệ
"Chính phủ vừa ban hành nghị định mới về phát triển kinh tế số, tập trung vào AI.",Chính trị
Thủ tướng nhấn mạnh tầm quan trọng của việc bảo vệ an ninh mạng trong cuộc họp thường kỳ.,Chính trị
Làn sóng sa thải tại các công ty công nghệ lớn vẫn chưa có dấu hiệu dừng lại.,Kinh tế
Giá vàng hôm nay tiếp tục tăng mạnh do những bất ổn từ thị trường toàn cầu.,Kinh tế
Đội tuyển Việt Nam đã có một trận đấu quả cảm trước đối thủ mạnh tại vòng loại World Cup.,Thể thao
Huấn luyện viên trưởng quyết định thay đổi chiến thuật ở hiệp 2 mang lại hiệu quả cao.,Thể thao
Bộ phim điện ảnh mới ra rạp đã nhanh chóng phá kỷ lục doanh thu phòng vé.,Giải trí
Nam ca sĩ nổi tiếng vừa ra mắt MV mới với mức đầu tư khủng và hình ảnh bắt mắt.,Giải trí
Apple vừa chính thức giới thiệu dòng iPhone mới với nhiều cải tiến về camera và thời lượng pin.,Công nghệ
Mô hình ngôn ngữ lớn ChatGPT đang tạo ra cuộc cách mạng trong lĩnh vực AI sinh tạo.,Công nghệ
"Chính phủ vừa ban hành nghị định mới về phát triển kinh tế số, tập trung vào AI.",Chính trị
Thủ tướng nhấn mạnh tầm quan trọng của việc bảo vệ an ninh mạng trong cuộc họp thường kỳ.,Chính trị
Làn sóng sa thải tại các công ty công nghệ lớn vẫn chưa có dấu hiệu dừng lại.,Kinh tế
Giá vàng hôm nay tiếp tục tăng mạnh do những bất ổn từ thị trường toàn cầu.,Kinh tế
Đội tuyển Việt Nam đã có một trận đấu quả cảm trước đối thủ mạnh tại vòng loại World Cup.,Thể thao
Huấn luyện viên trưởng quyết định thay đổi chiến thuật ở hiệp 2 mang lại hiệu quả cao.,Thể thao
Bộ phim điện ảnh mới ra rạp đã nhanh chóng phá kỷ lục doanh thu phòng vé.,Giải trí
Nam ca sĩ nổi tiếng vừa ra mắt MV mới với mức đầu tư khủng và hình ảnh bắt mắt.,Giải trí
Apple vừa chính thức giới thiệu dòng iPhone mới với nhiều cải tiến về camera và thời lượng pin.,Công nghệ
Mô hình ngôn ngữ lớn ChatGPT đang tạo ra cuộc cách mạng trong lĩnh vực AI sinh tạo.,Công nghệ
"Chính phủ vừa ban hành nghị định mới về phát triển kinh tế số, tập trung vào AI.",Chính trị
Thủ tướng nhấn mạnh tầm quan trọng của việc bảo vệ an ninh mạng trong cuộc họp thường kỳ.,Chính trị
Làn sóng sa thải tại các công ty công nghệ lớn vẫn chưa có dấu hiệu dừng lại.,Kinh tế
Giá vàng hôm nay tiếp tục tăng mạnh do những bất ổn từ thị trường toàn cầu.,Kinh tế
Đội tuyển Việt Nam đã có một trận đấu quả cảm trước đối thủ mạnh tại vòng loại World Cup.,Thể thao
Huấn luyện viên trưởng quyết định thay đổi chiến thuật ở hiệp 2 mang lại hiệu quả cao.,Thể thao
Bộ phim điện ảnh mới ra rạp đã nhanh chóng phá kỷ lục doanh thu phòng vé.,Giải trí
Nam ca sĩ nổi tiếng vừa ra mắt MV mới với mức đầu tư khủng và hình ảnh bắt mắt.,Giải trí
Apple vừa chính thức giới thiệu dòng iPhone mới với nhiều cải tiến về camera và thời lượng pin.,Công nghệ
Mô hình ngôn ngữ lớn ChatGPT đang tạo ra cuộc cách mạng trong lĩnh vực AI sinh tạo.,Công nghệ
"Chính phủ vừa ban hành nghị định mới về phát triển kinh tế số, tập trung vào AI.",Chính trị
Thủ tướng nhấn mạnh tầm quan trọng của việc bảo vệ an ninh mạng trong cuộc họp thường kỳ.,Chính trị
Làn sóng sa thải tại các công ty công nghệ lớn vẫn chưa có dấu hiệu dừng lại.,Kinh tế
Giá vàng hôm nay tiếp tục tăng mạnh do những bất ổn từ thị trường toàn cầu.,Kinh tế
Đội tuyển Việt Nam đã có một trận đấu quả cảm trước đối thủ mạnh tại vòng loại World Cup.,Thể thao
Huấn luyện viên trưởng quyết định thay đổi chiến thuật ở hiệp 2 mang lại hiệu quả cao.,Thể thao
Bộ phim điện ảnh mới ra rạp đã nhanh chóng phá kỷ lục doanh thu phòng vé.,Giải trí
Nam ca sĩ nổi tiếng vừa ra mắt MV mới với mức đầu tư khủng và hình ảnh bắt mắt.,Giải trí
Apple vừa chính thức giới thiệu dòng iPhone mới với nhiều cải tiến về camera và thời lượng pin.,Công nghệ
Mô hình ngôn ngữ lớn ChatGPT đang tạo ra cuộc cách mạng trong lĩnh vực AI sinh tạo.,Công nghệ
"Chính phủ vừa ban hành nghị định mới về phát triển kinh tế số, tập trung vào AI.",Chính trị
Thủ tướng nhấn mạnh tầm quan trọng của việc bảo vệ an ninh mạng trong cuộc họp thường kỳ.,Chính trị
Làn sóng sa thải tại các công ty công nghệ lớn vẫn chưa có dấu hiệu dừng lại.,Kinh tế
Giá vàng hôm nay tiếp tục tăng mạnh do những bất ổn từ thị trường toàn cầu.,Kinh tế
Đội tuyển Việt Nam đã có một trận đấu quả cảm trước đối thủ mạnh tại vòng loại World Cup.,Thể thao
Huấn luyện viên trưởng quyết định thay đổi chiến thuật ở hiệp 2 mang lại hiệu quả cao.,Thể thao
Bộ phim điện ảnh mới ra rạp đã nhanh chóng phá kỷ lục doanh thu phòng vé.,Giải trí
Nam ca sĩ nổi tiếng vừa ra mắt MV mới với mức đầu tư khủng và hình ảnh bắt mắt.,Giải trí
Apple vừa chính thức giới thiệu dòng iPhone mới với nhiều cải tiến về camera và thời lượng pin.,Công nghệ
Mô hình ngôn ngữ lớn ChatGPT đang tạo ra cuộc cách mạng trong lĩnh vực AI sinh tạo.,Công nghệ
"Chính phủ vừa ban hành nghị định mới về phát triển kinh tế số, tập trung vào AI.",Chính trị
Thủ tướng nhấn mạnh tầm quan trọng của việc bảo vệ an ninh mạng trong cuộc họp thường kỳ.,Chính trị
Làn sóng sa thải tại các công ty công nghệ lớn vẫn chưa có dấu hiệu dừng lại.,Kinh tế
Giá vàng hôm nay tiếp tục tăng mạnh do những bất ổn từ thị trường toàn cầu.,Kinh tế
Đội tuyển Việt Nam đã có một trận đấu quả cảm trước đối thủ mạnh tại vòng loại World Cup.,Thể thao
Huấn luyện viên trưởng quyết định thay đổi chiến thuật ở hiệp 2 mang lại hiệu quả cao.,Thể thao
Bộ phim điện ảnh mới ra rạp đã nhanh chóng phá kỷ lục doanh thu phòng vé.,Giải trí
Nam ca sĩ nổi tiếng vừa ra mắt MV mới với mức đầu tư khủng và hình ảnh bắt mắt.,Giải trí
Apple vừa chính thức giới thiệu dòng iPhone mới với nhiều cải tiến về camera và thời lượng pin.,Công nghệ
Mô hình ngôn ngữ lớn ChatGPT đang tạo ra cuộc cách mạng trong lĩnh vực AI sinh tạo.,Công nghệ
"Chính phủ vừa ban hành nghị định mới về phát triển kinh tế số, tập trung vào AI.",Chính trị
Thủ tướng nhấn mạnh tầm quan trọng của việc bảo vệ an ninh mạng trong cuộc họp thường kỳ.,Chính trị
Làn sóng sa thải tại các công ty công nghệ lớn vẫn chưa có dấu hiệu dừng lại.,Kinh tế
Giá vàng hôm nay tiếp tục tăng mạnh do những bất ổn từ thị trường toàn cầu.,Kinh tế
Đội tuyển Việt Nam đã có một trận đấu quả cảm trước đối thủ mạnh tại vòng loại World Cup.,Thể thao
Huấn luyện viên trưởng quyết định thay đổi chiến thuật ở hiệp 2 mang lại hiệu quả cao.,Thể thao
Bộ phim điện ảnh mới ra rạp đã nhanh chóng phá kỷ lục doanh thu phòng vé.,Giải trí
Nam ca sĩ nổi tiếng vừa ra mắt MV mới với mức đầu tư khủng và hình ảnh bắt mắt.,Giải trí
Apple vừa chính thức giới thiệu dòng iPhone mới với nhiều cải tiến về camera và thời lượng pin.,Công nghệ
Mô hình ngôn ngữ lớn ChatGPT đang tạo ra cuộc cách mạng trong lĩnh vực AI sinh tạo.,Công nghệ
"Chính phủ vừa ban hành nghị định mới về phát triển kinh tế số, tập trung vào AI.",Chính trị
Thủ tướng nhấn mạnh tầm quan trọng của việc bảo vệ an ninh mạng trong cuộc họp thường kỳ.,Chính trị
Làn sóng sa thải tại các công ty công nghệ lớn vẫn chưa có dấu hiệu dừng lại.,Kinh tế
Giá vàng hôm nay tiếp tục tăng mạnh do những bất ổn từ thị trường toàn cầu.,Kinh tế
Đội tuyển Việt Nam đã có một trận đấu quả cảm trước đối thủ mạnh tại vòng loại World Cup.,Thể thao
Huấn luyện viên trưởng quyết định thay đổi chiến thuật ở hiệp 2 mang lại hiệu quả cao.,Thể thao
Bộ phim điện ảnh mới ra rạp đã nhanh chóng phá kỷ lục doanh thu phòng vé.,Giải trí
Nam ca sĩ nổi tiếng vừa ra mắt MV mới với mức đầu tư khủng và hình ảnh bắt mắt.,Giải trí
Apple vừa chính thức giới thiệu dòng iPhone mới với nhiều cải tiến về camera và thời lượng pin.,Công nghệ
Mô hình ngôn ngữ lớn ChatGPT đang tạo ra cuộc cách mạng trong lĩnh vực AI sinh tạo.,Công nghệ
